Date,City,Product,Quantity,Price_per_unit,Revenue,Returned,Footfall
06/01/2024,Vizag,apples,38.0,35.38,1344.44,0,158
01-06-24,Vizag,B@n@n@,2.0,91.46,182.92,Return,229
06/01/2024,Vizag, BREAD,0.0,55.08,0.0,1,189
06/01/2024,Vizag,MILK,16.0,39.26,628.16,0,139
01-06-24,Vizag,EGGS,40.0,11.97,478.8,1,93
2024-06-01,Vizag,Biscuits,40.0,65.34,2613.6,ret,98
06/01/2024,Vizag,Shampoo,16.0,87.43,1398.88,ret,110
2024-06-01,Vizag,soap ,10.0,18.82,188.2,0,296
01-06-24,Vizag,_rice,47.0,35.05,1647.35,Return,108
01-06-24,Vizag,Wheat,29.0,21.58,625.82,1,182
06/01/2024,Hyderabad,apples,36.0,37.76,1359.36,0,283
01-06-24,Hyderabad,banana,11.0,19.08,209.88,Yes,59
06/01/2024,Hyderabad, BREAD,12.0,43.45,521.4,ret,235
06/01/2024,Hyderabad,Milkk,32.0,96.16,3077.12,Return,90
2024-06-01,Hyderabad,Eggs.,16.0,31.76,508.16,ret,96
06/01/2024,Hyderabad,Biscuits,14.0,57.71,807.94,Return,132
01-06-24,Hyderabad,Shampoo,25.0,37.91,947.75,1,249
06/01/2024, Hyderabad ,soap ,15.0,11.54,173.1,ret,128
2024-06-01,Hyderabad,_rice,36.0,80.53,2899.08,Yes,143
2024-06-01,Hyderabad,Wheat,0.0,58.89,0.0,1,267
01-06-24,Chen1nnai,apples,30.0,32.48,974.4,ret,285
06/01/2024,Chen1nnai,B@n@n@,1.0,57.71,57.71,Yes,203
06/01/2024,Chen1nnai,Bread,15.0,26.8,402.0,Return,274
2024-06-01,Chen1nnai,Milk,38.0,55.99,2127.62,Return,271
2024-06-01,Chen1nnai,eggs,25.0,89.51,2237.75,Yes,163
2024-06-01,Chen1nnai,Biscuits,20.0,40.61,812.2,Yes,282
01-06-24,Chen1nnai,Shampoo,31.0,33.4,1035.4,Returned,285
06/01/2024,Chen1nnai,soap ,35.0,78.5,2747.5,Yes,58
01-06-24,Chen1nnai,_rice,37.0,77.32,2860.84,ret,161
2024-06-01,Chen1nnai,Wheat,43.0,13.11,563.73,Returned,96
02-06-24,Vizag,apples,35.0,34.13,1194.55,1,264
06/02/2024,Vizag,BANANA,9.0,18.55,166.95,1,227
06/02/2024,Vizag,Bread,11.0,73.81,811.91,Yes,169
2024-06-02,Vizag,Milkk,26.0,36.98,961.48,1,201
06/02/2024,Vizag,E G G S,23.0,34.62,796.26,Returned,93
06/02/2024,Vizag,Biscuits,26.0,49.98,1299.48,Return,285
06/02/2024,Vizag,Shampoo,21.0,99.78,2095.38,Return,251
02-06-24,Vizag,soap ,6.0,23.98,143.88,0,198
06/02/2024,Vizag,_rice,3.0,53.57,160.71,Return,277
2024-06-02,,,,66.88,334.4,ret,183
02-06-24,Hyderabad,apples,14.0,81.79,1145.06,1,84
2024-06-02,Hyderabad,Banana,39.0,47.83,1865.37,ret,207
06/02/2024,Hyderabad,Bread,3.0,49.95,149.85,0,260
06/02/2024,Hyderabad,milk,33.0,60.13,1984.29,0,250
02-06-24,Hyderabad,eggs,21.0,61.18,1284.78,Returned,222
2024-06-02,Hyderabad,Biscuits,12.0,42.27,507.24,Return,148
2024-06-02,Hyderabad,Shampoo,18.0,82.96,1493.28,Yes,76
02-06-24,Hyderabad,soap ,27.0,92.46,2496.42,ret,85
02-06-24,Hyderabad,_rice,10.0,65.58,655.8,Yes,117
2024-06-02,Hyderabad,Wheat,22.0,28.7,631.4,Yes,293
2024-06-02,Chen1nnai,apples,46.0,70.16,3227.36,ret,123
02-06-24,Chen1nnai,BANANA,26.0,67.81,1763.06,Yes,113
06/02/2024,Chen1nnai,bread  ,8.0,11.14,89.12,Yes,150
2024-06-02,Chen1nnai,Milk,46.0,83.38,3835.48,Yes,121
02-06-24,Chen1nnai,EGGS,18.0,93.34,1680.12,Returned,285
06/02/2024,Chen1nnai,Biscuits,28.0,73.48,2057.44,0,273
02-06-24,Chen1nnai,Shampoo,26.0,79.54,2068.04,Yes,59
06/02/2024,Chen1nnai,soap ,48.0,33.8,1622.4,0,244
2024-06-02,Chen1nnai,_rice,13.0,74.13,963.69,Yes,118
02-06-24,Chen1nnai,Wheat,17.0,92.73,1576.41,1,260
2024-06-03,Vizag,apples,8.0,93.97,751.76,Returned,98
03-06-24,Vizag,Bananas,27.0,94.71,2557.17,Returned,91
03-06-24,Vizag,bread  ,40.0,76.36,3054.4,ret,176
2024-06-03,Vizag,milk,32.0,50.23,1607.36,Return,-1
2024-06-03,Vizag,Eggs.,15.0,76.47,1147.05,ret,141
06/03/2024,Vizag,Biscuits,18.0,53.07,955.26,ret,178
03-06-24,Vizag,Shampoo,6.0,99.3,595.8,Yes,124
06/03/2024,Vizag,soap ,1.0,96.85,96.85,0,227
06/03/2024,Vizag,_rice,13.0,38.74,503.62,1,131
06/03/2024,Vizag,Wheat,15.0,15.64,234.6,1,58
06/03/2024,,,,89.84,1617.12,0,286
06/03/2024,Hyderabad,banana,43.0,80.04,3441.72,1,163
06/03/2024,,,,20.56,555.12,1,217
2024-06-03,Hyderabad,milk,47.0,39.33,1848.51,0,156
2024-06-03,Hyderabad,Eggs,9.0,87.29,785.61,Returned,106
03-06-24,Hyderabad,Biscuits,15.0,31.77,476.55,Return,79
2024-06-03,Hyderabad,Shampoo,23.0,77.73,1787.79,Return,273
06/03/2024,Hyderabad,soap ,38.0,46.93,1783.34,Return,69
06/03/2024,Hyderabad,_rice,2.0,89.01,178.02,Returned,217
03-06-24,Hyderabad,Wheat,48.0,55.74,2675.52,Return,210
2024-06-03, Chen1nnai ,apples,3.0,83.6,250.8,Returned,79
2024-06-03,Chen1nnai,banana,26.0,77.47,2014.22,Yes,197
2024-06-03,Chen1nnai,Bread,3.0,15.06,45.18,0,268
03-06-24,Chen1nnai,Milk,14.0,55.06,770.84,ret,172
06/03/2024,Chen1nnai,EGGS,17.0,37.74,641.58,0,56
2024-06-03, Chen1nnai ,Biscuits,46.0,19.08,877.68,Returned,140
06/03/2024,Chen1nnai,Shampoo,44.0,15.98,703.12,Returned,190
06/03/2024,Chen1nnai,soap ,18.0,82.85,1491.3,1,56
03-06-24,Chen1nnai,_rice,48.0,77.03,3697.44,1,100
03-06-24,Chen1nnai,Wheat,29.0,12.82,371.78,0,208
06/04/2024,Vizag,apples,33.0,83.39,2751.87,Returned,179
2024-06-04,Vizag,BANANA,22.0,77.99,1715.78,1,183
2024-06-04,Vizag,bread  ,16.0,46.05,736.8,Returned,178
04-06-24,Vizag,Milk,17.0,52.07,885.19,ret,191
06/04/2024,Vizag,eggs,49.0,32.99,1616.51,1,90
2024-06-04, Vizag ,Biscuits,26.0,75.87,1972.62,Return,113
06/04/2024,Vizag,Shampoo,42.0,55.19,2317.98,1,143
2024-06-04,Vizag,soap ,7.0,64.65,452.55,Yes,240
04-06-24,Vizag,_rice,40.0,62.12,2484.8,1,234
06/04/2024,Vizag,Wheat,28.0,39.3,1100.4,0,89
2024-06-04, Hyderabad ,apples,23.0,72.46,1666.58,Yes,108
06/04/2024,Hyderabad,banana,50.0,45.72,2286.0,Returned,227
06/04/2024,Hyderabad, BREAD,43.0,40.53,1742.79,Return,269
2024-06-04,Hyderabad,Milkk,49.0,94.13,4612.37,0,51
04-06-24, Hyderabad ,E G G S,0.0,49.02,0.0,Returned,162
04-06-24,Hyderabad,Biscuits,7.0,36.92,258.44,Yes,86
2024-06-04,Hyderabad,Shampoo,7.0,54.77,383.39,Returned,121
04-06-24,Hyderabad,soap ,18.0,77.43,1393.74,Yes,141
04-06-24,Hyderabad,_rice,41.0,53.33,2186.53,0,85
04-06-24,Hyderabad,Wheat,3.0,48.55,145.65,Yes,261
04-06-24,,,,89.65,2958.45,Return,263
2024-06-04,Chen1nnai,B@n@n@,34.0,59.23,2013.82,ret,272
04-06-24,Chen1nnai, BREAD,18.0,94.32,1697.76,Returned,152
2024-06-04,Chen1nnai,MILK,47.0,89.04,4184.88,0,290
04-06-24,Chen1nnai,E G G S,16.0,65.09,1041.44,0,81
06/04/2024,Chen1nnai,Biscuits,28.0,74.31,2080.68,1,189
04-06-24,Chen1nnai,Shampoo,22.0,89.11,1960.42,0,81
04-06-24, Chen1nnai ,soap ,21.0,10.4,218.4,ret,96
06/04/2024,Chen1nnai,_rice,44.0,46.86,2061.84,Return,186
04-06-24,Chen1nnai,Wheat,23.0,39.04,897.92,Yes,132
05-06-24,Vizag,apples,40.0,57.62,2304.8,Returned,180
06/05/2024,Vizag,Bananas,40.0,19.26,770.4,Returned,224
05-06-24,Vizag,Bread,35.0,50.05,1751.75,Yes,206
2024-06-05,Vizag,Milk ,2.0,40.04,80.08,ret,204
2024-06-05,Vizag,eggs,2.0,76.05,152.1,0,83
2024-06-05,Vizag,Biscuits,9.0,17.78,160.02,Yes,298
05-06-24,Vizag,Shampoo,45.0,10.58,476.1,0,147
06/05/2024,Vizag,soap ,25.0,86.32,2158.0,Returned,265
2024-06-05,Vizag,_rice,17.0,92.06,1565.02,Return,167
06/05/2024,Vizag,Wheat,28.0,53.78,1505.84,ret,96
05-06-24,Hyderabad,apples,46.0,86.36,3972.56,1,86
05-06-24,Hyderabad,Banana,16.0,41.88,670.08,1,168
05-06-24,Hyderabad,Bread,44.0,81.1,3568.4,ret,146
2024-06-05,Hyderabad,milk,48.0,99.62,4781.76,1,189
2024-06-05,Hyderabad,eggs,27.0,92.74,2503.98,0,285
06/05/2024,Hyderabad,Biscuits,10.0,24.91,249.1,0,168
05-06-24,Hyderabad,Shampoo,19.0,77.97,1481.43,Returned,184
2024-06-05,Hyderabad,soap ,49.0,61.28,3002.72,Return,0
06/05/2024,Hyderabad,_rice,14.0,78.81,1103.34,Return,113
05-06-24,Hyderabad,Wheat,32.0,49.63,1588.16,Return,299
05-06-24,Chen1nnai,apples,5.0,80.28,401.4,1,139
05-06-24,Chen1nnai,BANANA,50.0,32.16,1608.0,0,170
2024-06-05, Chen1nnai ,BREAD,1.0,48.52,48.52,1,97
06/05/2024,Chen1nnai,milk,19.0,56.6,1075.4,Yes,185
2024-06-05,Chen1nnai,eggs,32.0,88.48,2831.36,ret,89
05-06-24,Chen1nnai,Biscuits,15.0,97.37,1460.55,1,262
05-06-24,Chen1nnai,Shampoo,35.0,15.09,528.15,Yes,187
06/05/2024,Chen1nnai,soap ,19.0,56.42,1071.98,ret,274
05-06-24,Chen1nnai,_rice,14.0,23.57,329.98,Yes,75
06/05/2024,Chen1nnai,Wheat,20.0,52.8,1056.0,Returned,154
06-06-24,Vizag,apples,12.0,16.94,203.28,Yes,124
06-06-24,Vizag,Banana,29.0,96.96,2811.84,Returned,160
06/06/2024,Vizag,bread  ,41.0,86.17,3532.97,Yes,255
2024-06-06,Vizag,Milkk,49.0,94.01,4606.49,Return,199
06-06-24,Vizag,EGGS,49.0,28.48,1395.52,Yes,143
2024-06-06,Vizag,Biscuits,23.0,27.48,632.04,0,265
06-06-24,Vizag,Shampoo,12.0,84.41,1012.92,Return,57
06-06-24,Vizag,soap ,11.0,23.98,263.78,0,166
06-06-24,Vizag,_rice,48.0,70.4,3379.2,ret,185
06-06-24,Vizag,Wheat,6.0,14.12,84.72,0,217
2024-06-06,Hyderabad,apples,15.0,55.64,834.6,1,205
06-06-24,Hyderabad,BANANA,1.0,97.95,97.95,Returned,121
2024-06-06,Hyderabad,BREAD,37.0,36.01,1332.37,Return,279
06-06-24,Hyderabad,Milk,6.0,43.49,260.94,0,65
06/06/2024,Hyderabad,E G G S,3.0,99.3,297.9,Return,213
06/06/2024,Hyderabad,Biscuits,4.0,96.03,384.12,ret,78
06/06/2024,Hyderabad,Shampoo,43.0,23.81,1023.83,Return,210
06-06-24,Hyderabad,soap ,30.0,89.6,2688.0,1,61
2024-06-06,Hyderabad,_rice,34.0,41.58,1413.72,0,178
06-06-24,Hyderabad,Wheat,15.0,10.38,155.7,Returned,199
06/06/2024,Chen1nnai,apples,43.0,58.91,2533.13,1,295
2024-06-06,Chen1nnai,banana,25.0,21.41,535.25,Return,134
06/06/2024,Chen1nnai,Bread,36.0,72.69,2616.84,Returned,258
06-06-24,Chen1nnai,MILK,45.0,86.73,3902.85,Yes,153
06/06/2024,Chen1nnai,eggs,39.0,19.7,768.3,ret,121
06-06-24,Chen1nnai,Biscuits,37.0,92.16,3409.92,Yes,135
06/06/2024,Chen1nnai,Shampoo,49.0,90.66,4442.34,1,216
06/06/2024,Chen1nnai,soap ,44.0,30.28,1332.32,Returned,167
2024-06-06, Chen1nnai ,_rice,18.0,59.24,1066.32,Return,186
06-06-24,Chen1nnai,Wheat,35.0,39.8,1393.0,Return,97
2024-06-07,Vizag,apples,32.0,73.56,2353.92,Yes,198
07-06-24,Vizag,Bananas,48.0,82.73,3971.04,Yes,99
07-06-24,Vizag,Bre@d,42.0,51.28,2153.76,Returned,214
06/07/2024,Vizag,milk,12.0,26.99,323.88,Returned,146
2024-06-07,Vizag,eggs,20.0,60.55,1211.0,ret,172
06/07/2024,Vizag,Biscuits,18.0,96.44,1735.92,ret,173
2024-06-07,Vizag,Shampoo,49.0,70.97,3477.53,0,91
06/07/2024,Vizag,soap ,6.0,70.02,420.12,ret,118
07-06-24,Vizag,_rice,6.0,68.79,412.74,Returned,256
07-06-24,Vizag,Wheat,46.0,12.42,571.32,ret,236
2024-06-07,Hyderabad,apples,33.0,63.44,2093.52,Yes,192
2024-06-07,Hyderabad,Bananas,2.0,41.98,83.96,ret,87
2024-06-07,Hyderabad,BREAD,22.0,18.1,398.2,Yes,116
2024-06-07,Hyderabad,milk,18.0,26.86,483.48,Return,235
06/07/2024,Hyderabad,Eggs,34.0,41.53,1412.02,Returned,157
2024-06-07,Hyderabad,Biscuits,25.0,84.28,2107.0,Return,52
07-06-24,Hyderabad,Shampoo,10.0,47.59,475.9,1,73
07-06-24,Hyderabad,soap ,37.0,12.34,456.58,ret,-1
07-06-24,Hyderabad,_rice,47.0,37.25,1750.75,Return,236
07-06-24,Hyderabad,Wheat,22.0,29.16,641.52,Returned,100
06/07/2024,Chen1nnai,apples,16.0,58.28,932.48,Yes,258
06/07/2024,Chen1nnai,Bananas,14.0,91.38,1279.32,1,165
06/07/2024, Chen1nnai , BREAD,35.0,76.65,2682.75,0,195
2024-06-07,Chen1nnai,Milk ,0.0,11.21,0.0,Return,198
06/07/2024,Chen1nnai,Eggs,48.0,22.27,1068.96,Return,280
06/07/2024,Chen1nnai,Biscuits,8.0,21.28,170.24,ret,103
2024-06-07,Chen1nnai,Shampoo,9.0,91.87,826.83,0,192
07-06-24,Chen1nnai,soap ,12.0,32.36,388.32,1,290
07-06-24,Chen1nnai,_rice,19.0,59.35,1127.65,ret,165
07-06-24, Chen1nnai ,Wheat,38.0,69.22,2630.36,1,153
08-06-24,Vizag,apples,41.0,80.78,3311.98,Returned,216
08-06-24,Vizag,Banana,10.0,44.29,442.9,Yes,57
2024-06-08,Vizag,Bre@d,48.0,57.63,2766.24,ret,143
2024-06-08,Vizag,Milk,39.0,27.82,1084.98,0,283
2024-06-08,Vizag,EGGS,0.0,43.11,0.0,1,244
06/08/2024,Vizag,Biscuits,38.0,44.04,1673.52,ret,266
2024-06-08, Vizag ,Shampoo,27.0,78.92,2130.84,Return,235
2024-06-08,Vizag,soap ,37.0,73.36,2714.32,Return,79
06/08/2024,,,,97.24,3695.12,1,171
2024-06-08,Vizag,Wheat,41.0,63.35,2597.35,Yes,131
06/08/2024, Hyderabad ,apples,16.0,28.23,451.68,Returned,252
08-06-24,Hyderabad,Banana,44.0,34.2,1504.8,Return,256
06/08/2024,Hyderabad,BREAD,40.0,37.42,1496.8,ret,78
08-06-24,Hyderabad,MILK,19.0,93.59,1778.21,Return,143
2024-06-08,Hyderabad,E G G S,4.0,66.47,265.88,ret,134
06/08/2024,Hyderabad,Biscuits,30.0,23.2,696.0,Returned,86
2024-06-08,Hyderabad,Shampoo,15.0,83.04,1245.6,0,287
06/08/2024,Hyderabad,soap ,27.0,32.08,866.16,Returned,278
2024-06-08,Hyderabad,_rice,6.0,10.56,63.36,0,292
06/08/2024,Hyderabad,Wheat,15.0,47.78,716.7,ret,254
2024-06-08,Chen1nnai,apples,36.0,75.47,2716.92,Returned,70
08-06-24,Chen1nnai,Banana,19.0,27.37,520.03,Yes,81
08-06-24,Chen1nnai,bread  ,42.0,92.62,3890.04,1,161
2024-06-08, Chen1nnai ,MILK,18.0,52.18,939.24,Yes,257
06/08/2024,Chen1nnai,eggs,26.0,43.34,1126.84,0,260
08-06-24,Chen1nnai,Biscuits,6.0,25.9,155.4,1,185
2024-06-08,Chen1nnai,Shampoo,12.0,76.95,923.4,1,253
06/08/2024,Chen1nnai,soap ,31.0,73.44,2276.64,1,97
08-06-24,Chen1nnai,_rice,10.0,73.19,731.9,1,220
06/08/2024, Chen1nnai ,Wheat,34.0,29.38,998.92,Return,102
06/09/2024,Vizag,apples,25.0,30.87,771.75,Yes,241
06/09/2024,Vizag,banana,10.0,63.15,631.5,ret,125
2024-06-09,Vizag,Bread,24.0,78.31,1879.44,0,254
06/09/2024,Vizag,milk,2.0,71.09,142.18,1,143
09-06-24,Vizag,E G G S,48.0,92.59,4444.32,0,249
09-06-24,Vizag,Biscuits,1.0,33.94,33.94,0,169
2024-06-09,Vizag,Shampoo,40.0,62.36,2494.4,Return,115
09-06-24,Vizag,soap ,31.0,83.63,2592.53,0,98
06/09/2024,Vizag,_rice,43.0,40.87,1757.41,Yes,72
2024-06-09,Vizag,Wheat,5.0,20.11,100.55,0,78
2024-06-09,,,,97.6,3318.4,1,135
09-06-24,Hyderabad,BANANA,43.0,82.12,3531.16,Returned,185
2024-06-09,Hyderabad,bread  ,8.0,20.03,160.24,Returned,0
09-06-24,Hyderabad,Milk ,43.0,98.04,4215.72,ret,283
09-06-24,Hyderabad,Eggs.,16.0,81.32,1301.12,0,132
09-06-24,Hyderabad,Biscuits,24.0,39.18,940.32,1,184
09-06-24,Hyderabad,Shampoo,22.0,67.64,1488.08,1,99
09-06-24,Hyderabad,soap ,13.0,28.96,376.48,Yes,90
09-06-24,Hyderabad,_rice,7.0,64.89,454.23,Yes,298
06/09/2024,Hyderabad,Wheat,34.0,34.62,1177.08,ret,55
2024-06-09,Chen1nnai,apples,43.0,56.58,2432.94,Return,111
2024-06-09,Chen1nnai,BANANA,33.0,92.73,3060.09,Yes,120
06/09/2024,Chen1nnai, BREAD,13.0,59.58,774.54,Return,159
2024-06-09, Chen1nnai ,Milk ,36.0,18.12,652.32,ret,69
2024-06-09,Chen1nnai,Eggs.,22.0,78.16,1719.52,1,201
2024-06-09,Chen1nnai,Biscuits,44.0,30.26,1331.44,Return,206
06/09/2024,Chen1nnai,Shampoo,47.0,85.34,4010.98,ret,53
09-06-24,Chen1nnai,soap ,31.0,45.23,1402.13,Returned,247
09-06-24,Chen1nnai,_rice,28.0,29.54,827.12,Yes,279
06/09/2024,Chen1nnai,Wheat,34.0,53.49,1818.66,Return,292
2024-06-10,Vizag,apples,15.0,93.46,1401.9,1,96
06/10/2024,Vizag,banana,43.0,20.51,881.93,ret,173
06/10/2024,Vizag,BREAD,42.0,85.6,3595.2,Return,202
10-06-24,Vizag,milk,48.0,11.79,565.92,Return,110
10-06-24,Vizag,Eggs,13.0,79.99,1039.87,Yes,71
2024-06-10,Vizag,Biscuits,29.0,45.82,1328.78,Return,65
2024-06-10,Vizag,Shampoo,39.0,41.11,1603.29,ret,57
06/10/2024,Vizag,soap ,19.0,77.47,1471.93,0,212
06/10/2024,Vizag,_rice,10.0,11.16,111.6,ret,291
06/10/2024,Vizag,Wheat,25.0,91.68,2292.0,Yes,88
10-06-24,Hyderabad,apples,2.0,81.38,162.76,1,298
10-06-24,Hyderabad,Bananas,35.0,33.45,1170.75,1,232
2024-06-10,Hyderabad,bread  ,1.0,32.38,32.38,Yes,258
2024-06-10,Hyderabad,MILK,47.0,29.03,1364.41,Returned,277
2024-06-10,Hyderabad,EGGS,41.0,81.55,3343.55,Returned,108
10-06-24,Hyderabad,Biscuits,2.0,44.05,88.1,Return,190
10-06-24,Hyderabad,Shampoo,27.0,84.92,2292.84,Return,296
2024-06-10, Hyderabad ,soap ,49.0,44.94,2202.06,ret,170
2024-06-10,Hyderabad,_rice,36.0,54.12,1948.32,1,186
10-06-24,Hyderabad,Wheat,10.0,65.54,655.4,ret,149
10-06-24,Chen1nnai,apples,21.0,98.68,2072.28,ret,232
06/10/2024,Chen1nnai,banana,33.0,35.14,1159.62,Yes,83
2024-06-10,Chen1nnai, BREAD,44.0,13.46,592.24,0,107
10-06-24,Chen1nnai,MILK,11.0,85.82,944.02,1,251
06/10/2024,Chen1nnai,Eggs,14.0,89.35,1250.9,Return,63
06/10/2024,Chen1nnai,Biscuits,2.0,10.44,20.88,Yes,293
2024-06-10,Chen1nnai,Shampoo,18.0,20.22,363.96,1,136
10-06-24,Chen1nnai,soap ,24.0,90.74,2177.76,Return,120
10-06-24,Chen1nnai,_rice,18.0,49.91,898.38,ret,105
10-06-24,Chen1nnai,Wheat,14.0,98.12,1373.68,Yes,125
2024-06-11,Vizag,apples,41.0,67.03,2748.23,1,298
2024-06-11,Vizag,Bananas,20.0,85.56,1711.2,ret,82
06/11/2024,Vizag,BREAD,48.0,51.8,2486.4,Returned,245
2024-06-11,Vizag,Milk ,30.0,63.19,1895.7,Return,129
06/11/2024,Vizag,Eggs.,10.0,35.76,357.6,Returned,225
2024-06-11,Vizag,Biscuits,24.0,47.81,1147.44,1,290
11-06-24,Vizag,Shampoo,8.0,58.26,466.08,0,145
2024-06-11,Vizag,soap ,23.0,39.86,916.78,ret,159
06/11/2024,Vizag,_rice,46.0,57.18,2630.28,Yes,144
06/11/2024,Vizag,Wheat,3.0,94.81,284.43,0,132
2024-06-11,Hyderabad,apples,41.0,23.84,977.44,ret,296
2024-06-11,Hyderabad,banana,46.0,64.95,2987.7,0,80
11-06-24,Hyderabad,Bread,12.0,90.96,1091.52,0,213
06/11/2024,Hyderabad,Milk,5.0,16.57,82.85,ret,140
11-06-24,Hyderabad,Eggs.,49.0,65.75,3221.75,Yes,204
11-06-24,Hyderabad,Biscuits,48.0,11.96,574.08,Returned,191
06/11/2024,Hyderabad,Shampoo,22.0,87.1,1916.2,1,156
2024-06-11,Hyderabad,soap ,34.0,34.64,1177.76,1,272
06/11/2024,Hyderabad,_rice,13.0,90.93,1182.09,Yes,288
2024-06-11,Hyderabad,Wheat,42.0,90.08,3783.36,Returned,135
06/11/2024,Chen1nnai,apples,35.0,75.24,2633.4,Return,230
11-06-24, Chen1nnai ,Banana,41.0,49.37,2024.17,Yes,201
11-06-24,Chen1nnai,BREAD,1.0,69.63,69.63,Return,59
11-06-24,Chen1nnai,milk,9.0,40.59,365.31,Return,264
06/11/2024,Chen1nnai,E G G S,34.0,73.65,2504.1,ret,275
06/11/2024,Chen1nnai,Biscuits,35.0,79.69,2789.15,ret,282
2024-06-11,Chen1nnai,Shampoo,38.0,13.04,495.52,0,147
2024-06-11,Chen1nnai,soap ,19.0,61.2,1162.8,0,259
11-06-24,Chen1nnai,_rice,31.0,18.7,579.7,Returned,205
11-06-24,Chen1nnai,Wheat,34.0,45.6,1550.4,0,262
12-06-24,Vizag,apples,4.0,55.77,223.08,Yes,145
2024-06-12,Vizag,Bananas,40.0,23.46,938.4,Returned,131
06/12/2024,Vizag,Bre@d,29.0,34.28,994.12,ret,133
06/12/2024,Vizag,Milk,33.0,54.23,1789.59,Return,152
12-06-24,Vizag,E G G S,49.0,20.12,985.88,Yes,148
12-06-24,Vizag,Biscuits,25.0,78.68,1967.0,Returned,148
06/12/2024,Vizag,Shampoo,6.0,61.8,370.8,Return,188
06/12/2024,Vizag,soap ,35.0,34.24,1198.4,Yes,247
12-06-24,Vizag,_rice,49.0,17.12,838.88,Yes,73
2024-06-12,Vizag,Wheat,16.0,36.85,589.6,Return,250
2024-06-12,Hyderabad,apples,42.0,81.72,3432.24,Return,295
2024-06-12,Hyderabad,Banana,16.0,81.73,1307.68,Return,277
06/12/2024,Hyderabad,BREAD,38.0,83.98,3191.24,Yes,234
06/12/2024,Hyderabad,MILK,15.0,27.48,412.2,Returned,108
12-06-24,Hyderabad,eggs,20.0,38.04,760.8,Return,111
12-06-24,Hyderabad,Biscuits,3.0,60.77,182.31,Return,158
06/12/2024,Hyderabad,Shampoo,43.0,34.75,1494.25,ret,232
12-06-24,Hyderabad,soap ,12.0,68.51,822.12,Return,222
2024-06-12,Hyderabad,_rice,3.0,70.79,212.37,Yes,187
12-06-24,Hyderabad,Wheat,32.0,17.51,560.32,0,50
12-06-24,Chen1nnai,apples,32.0,12.91,413.12,Yes,145
12-06-24,Chen1nnai,Bananas,19.0,22.95,436.05,Returned,176
2024-06-12,Chen1nnai, BREAD,33.0,55.89,1844.37,Return,276
12-06-24,Chen1nnai,MILK,49.0,98.79,4840.71,ret,96
12-06-24,Chen1nnai,E G G S,18.0,32.03,576.54,Return,177
06/12/2024,Chen1nnai,Biscuits,46.0,36.84,1694.64,Return,93
06/12/2024,Chen1nnai,Shampoo,37.0,59.44,2199.28,1,100
06/12/2024,Chen1nnai,soap ,2.0,68.36,136.72,Returned,79
2024-06-12,Chen1nnai,_rice,38.0,66.47,2525.86,1,190
2024-06-12, Chen1nnai ,Wheat,31.0,31.36,972.16,Yes,219
06/13/2024,Vizag,apples,3.0,52.24,156.72,0,223
06/13/2024,Vizag,banana,14.0,73.92,1034.88,Returned,197
2024-06-13,Vizag,Bread,39.0,52.71,2055.69,Returned,297
2024-06-13,Vizag,Milk ,48.0,20.92,1004.16,Return,164
2024-06-13,Vizag,EGGS,0.0,36.72,0.0,Return,50
13-06-24,Vizag,Biscuits,32.0,87.96,2814.72,0,243
2024-06-13,Vizag,Shampoo,50.0,95.01,4750.5,Returned,52
2024-06-13,Vizag,soap ,5.0,36.55,182.75,0,225
06/13/2024,Vizag,_rice,18.0,87.76,1579.68,Yes,119
06/13/2024,Vizag,Wheat,46.0,22.1,1016.6,0,213
2024-06-13,Hyderabad,apples,0.0,11.87,0.0,ret,104
06/13/2024,Hyderabad,BANANA,34.0,87.65,2980.1,Returned,223
2024-06-13,Hyderabad,BREAD,37.0,60.22,2228.14,1,279
06/13/2024,Hyderabad,Milkk,37.0,23.06,853.22,Yes,222
06/13/2024,Hyderabad,Eggs,48.0,52.92,2540.16,0,216
06/13/2024,Hyderabad,Biscuits,43.0,77.68,3340.24,0,102
06/13/2024,Hyderabad,Shampoo,6.0,49.18,295.08,Return,205
2024-06-13,Hyderabad,soap ,40.0,47.4,1896.0,ret,200
2024-06-13,Hyderabad,_rice,32.0,22.56,721.92,Returned,115
13-06-24,Hyderabad,Wheat,42.0,30.38,1275.96,Yes,281
06/13/2024,Chen1nnai,apples,6.0,37.34,224.04,1,170
06/13/2024,Chen1nnai,Bananas,31.0,38.63,1197.53,Returned,207
06/13/2024,Chen1nnai,Bread,43.0,45.01,1935.43,1,288
06/13/2024,Chen1nnai,Milk ,46.0,21.53,990.38,Returned,99
13-06-24,Chen1nnai,Eggs,41.0,81.5,3341.5,Return,65
2024-06-13,Chen1nnai,Biscuits,40.0,76.21,3048.4,ret,247
06/13/2024,Chen1nnai,Shampoo,12.0,74.02,888.24,ret,234
13-06-24,Chen1nnai,soap ,2.0,98.8,197.6,Return,137
2024-06-13,Chen1nnai,_rice,7.0,80.45,563.15,0,196
06/13/2024,Chen1nnai,Wheat,44.0,68.96,3034.24,Yes,58
14-06-24,Vizag,apples,33.0,18.47,609.51,Returned,201
2024-06-14,Vizag,B@n@n@,13.0,20.74,269.62,1,141
14-06-24,Vizag,Bread,15.0,54.82,822.3,ret,231
14-06-24,Vizag,Milk,27.0,25.64,692.28,Yes,60
2024-06-14,Vizag,E G G S,50.0,20.85,1042.5,Returned,169
14-06-24,Vizag,Biscuits,37.0,71.73,2654.01,0,164
14-06-24,Vizag,Shampoo,33.0,37.08,1223.64,Returned,169
2024-06-14,Vizag,soap ,12.0,42.87,514.44,Return,52
2024-06-14,Vizag,_rice,2.0,49.09,98.18,0,182
2024-06-14,Vizag,Wheat,2.0,93.54,187.08,1,255
14-06-24,Hyderabad,apples,26.0,21.71,564.46,ret,227
06/14/2024,Hyderabad,B@n@n@,41.0,34.34,1407.94,Yes,186
14-06-24,Hyderabad,Bre@d,12.0,52.88,634.56,Returned,142
14-06-24,Hyderabad,milk,13.0,19.78,257.14,Return,70
2024-06-14,Hyderabad,eggs,10.0,11.32,113.2,1,139
2024-06-14,Hyderabad,Biscuits,22.0,11.76,258.72,Return,95
2024-06-14,Hyderabad,Shampoo,26.0,90.32,2348.32,Returned,254
2024-06-14,Hyderabad,soap ,35.0,85.52,2993.2,1,158
14-06-24,Hyderabad,_rice,43.0,30.88,1327.84,Returned,223
2024-06-14,Hyderabad,Wheat,37.0,13.14,486.18,Yes,253
2024-06-14,Chen1nnai,apples,31.0,56.92,1764.52,0,-1
06/14/2024,Chen1nnai,B@n@n@,0.0,65.23,0.0,Returned,282
06/14/2024,Chen1nnai, BREAD,15.0,96.02,1440.3,Yes,149
2024-06-14,Chen1nnai,Milk ,5.0,92.17,460.85,ret,115
2024-06-14,Chen1nnai,Eggs,25.0,73.43,1835.75,Returned,107
06/14/2024,Chen1nnai,Biscuits,36.0,16.66,599.76,1,283
2024-06-14,Chen1nnai,Shampoo,15.0,37.07,556.05,Returned,146
2024-06-14,Chen1nnai,soap ,5.0,89.72,448.6,Returned,213
2024-06-14,Chen1nnai,_rice,49.0,78.59,3850.91,Return,-1
2024-06-14,Chen1nnai,Wheat,42.0,15.09,633.78,Returned,218
2024-06-15,Vizag,apples,16.0,76.88,1230.08,Returned,268
06/15/2024,Vizag,B@n@n@,48.0,45.63,2190.24,Returned,228
15-06-24,Vizag,Bre@d,7.0,38.7,270.9,0,222
15-06-24,Vizag,Milkk,17.0,14.9,253.3,Returned,293
2024-06-15,Vizag,E G G S,7.0,75.71,529.97,Return,77
15-06-24,Vizag,Biscuits,23.0,80.23,1845.29,ret,199
2024-06-15,Vizag,Shampoo,47.0,54.89,2579.83,ret,54
15-06-24,Vizag,soap ,11.0,62.57,688.27,Yes,111
2024-06-15,Vizag,_rice,39.0,27.85,1086.15,Yes,287
2024-06-15,Vizag,Wheat,43.0,85.42,3673.06,Return,186
2024-06-15,Hyderabad,apples,26.0,98.04,2549.04,ret,287
2024-06-15,Hyderabad,B@n@n@,7.0,88.95,622.65,Return,247
2024-06-15,Hyderabad,bread  ,5.0,24.24,121.2,1,260
2024-06-15,Hyderabad,MILK,31.0,97.4,3019.4,Returned,202
06/15/2024,Hyderabad,eggs,15.0,75.93,1138.95,Returned,112
06/15/2024,Hyderabad,Biscuits,19.0,66.25,1258.75,Yes,215
06/15/2024,Hyderabad,Shampoo,0.0,95.3,0.0,Returned,150
15-06-24, Hyderabad ,soap ,21.0,33.78,709.38,Returned,200
15-06-24,Hyderabad,_rice,34.0,91.63,3115.42,Yes,59
15-06-24, Hyderabad ,Wheat,22.0,34.84,766.48,Return,75
15-06-24,Chen1nnai,apples,10.0,58.21,582.1,Yes,246
06/15/2024,Chen1nnai,banana,44.0,43.69,1922.36,Yes,260
15-06-24,Chen1nnai, BREAD,29.0,30.65,888.85,Return,294
15-06-24,Chen1nnai,Milkk,33.0,61.34,2024.22,ret,84
06/15/2024,Chen1nnai,eggs,36.0,27.02,972.72,1,263
2024-06-15,Chen1nnai,Biscuits,36.0,76.6,2757.6,Return,213
2024-06-15,Chen1nnai,Shampoo,26.0,25.3,657.8,0,109
2024-06-15,Chen1nnai,soap ,26.0,38.66,1005.16,0,66
2024-06-15,Chen1nnai,_rice,25.0,78.09,1952.25,Returned,61
15-06-24,Chen1nnai,Wheat,28.0,82.71,2315.88,Return,65
06/16/2024, Vizag ,apples,36.0,85.56,3080.16,Returned,134
2024-06-16,Vizag,Bananas,24.0,36.93,886.32,ret,142
2024-06-16,Vizag,Bre@d,8.0,37.56,300.48,Return,161
2024-06-16,Vizag,Milk ,20.0,98.92,1978.4,Return,283
06/16/2024,Vizag,E G G S,43.0,26.13,1123.59,1,101
06/16/2024,Vizag,Biscuits,12.0,12.26,147.12,ret,238
06/16/2024,Vizag,Shampoo,18.0,10.05,180.9,0,72
2024-06-16,,,,80.81,1454.58,Return,106
2024-06-16,Vizag,_rice,49.0,29.32,1436.68,ret,61
2024-06-16, Vizag ,Wheat,35.0,93.83,3284.05,1,225
2024-06-16,Hyderabad,apples,39.0,25.54,996.06,Returned,99
2024-06-16,Hyderabad,Bananas,46.0,25.8,1186.8,1,242
06/16/2024,Hyderabad,bread  ,23.0,73.0,1679.0,Return,152
16-06-24,Hyderabad,Milk ,35.0,30.51,1067.85,Returned,162
2024-06-16,Hyderabad,Eggs.,9.0,61.49,553.41,Yes,160
06/16/2024,Hyderabad,Biscuits,9.0,16.83,151.47,ret,90
16-06-24,Hyderabad,Shampoo,27.0,80.42,2171.34,1,217
06/16/2024,Hyderabad,soap ,24.0,27.35,656.4,ret,278
06/16/2024,Hyderabad,_rice,1.0,81.59,81.59,Returned,149
2024-06-16,Hyderabad,Wheat,8.0,75.07,600.56,ret,63
2024-06-16,Chen1nnai,apples,33.0,38.98,1286.34,Returned,66
06/16/2024,Chen1nnai,BANANA,24.0,90.2,2164.8,ret,272
06/16/2024,Chen1nnai,Bre@d,34.0,67.44,2292.96,Returned,234
06/16/2024,Chen1nnai,milk,26.0,27.02,702.52,Return,95
16-06-24,Chen1nnai,Eggs.,24.0,39.51,948.24,Returned,185
16-06-24,Chen1nnai,Biscuits,43.0,72.48,3116.64,Return,130
2024-06-16,Chen1nnai,Shampoo,35.0,11.6,406.0,1,87
2024-06-16,Chen1nnai,soap ,46.0,47.73,2195.58,Returned,74
16-06-24,Chen1nnai,_rice,5.0,53.16,265.8,0,165
2024-06-16,Chen1nnai,Wheat,8.0,86.91,695.28,0,287
2024-06-17,Vizag,apples,12.0,19.74,236.88,Returned,222
2024-06-17,Vizag,Banana,37.0,40.04,1481.48,0,93
2024-06-17,Vizag,BREAD,11.0,98.2,1080.2,Returned,203
17-06-24,Vizag,Milkk,40.0,66.53,2661.2,Return,53
17-06-24,Vizag,eggs,6.0,39.51,237.06,Returned,212
2024-06-17,Vizag,Biscuits,34.0,89.71,3050.14,Return,129
2024-06-17,,,,15.31,489.92,Yes,282
2024-06-17, Vizag ,soap ,11.0,47.55,523.05,0,198
2024-06-17,Vizag,_rice,8.0,53.82,430.56,1,82
06/17/2024,Vizag,Wheat,30.0,21.41,642.3,ret,80
2024-06-17,Hyderabad,apples,44.0,91.13,4009.72,ret,241
06/17/2024,Hyderabad,Bananas,47.0,96.47,4534.09,ret,114
17-06-24,Hyderabad,BREAD,23.0,37.95,872.85,0,231
2024-06-17,Hyderabad,Milkk,42.0,16.2,680.4,Returned,229
06/17/2024,Hyderabad,E G G S,31.0,17.75,550.25,Return,205
2024-06-17,Hyderabad,Biscuits,3.0,67.71,203.13,Return,266
2024-06-17,Hyderabad,Shampoo,38.0,51.52,1957.76,Return,94
17-06-24,Hyderabad,soap ,23.0,77.86,1790.78,1,95
17-06-24,Hyderabad,_rice,43.0,16.99,730.57,1,285
2024-06-17,Hyderabad,Wheat,25.0,66.11,1652.75,Yes,282
17-06-24,Chen1nnai,apples,47.0,91.32,4292.04,1,99
06/17/2024,Chen1nnai,banana,15.0,85.59,1283.85,Returned,275
06/17/2024,Chen1nnai,BREAD,39.0,88.61,3455.79,Returned,52
17-06-24,Chen1nnai,Milk,9.0,19.84,178.56,Returned,160
17-06-24,Chen1nnai,Eggs.,11.0,77.02,847.22,Returned,0
06/17/2024,Chen1nnai,Biscuits,46.0,30.77,1415.42,Returned,83
06/17/2024,Chen1nnai,Shampoo,15.0,17.0,255.0,Yes,184
06/17/2024,Chen1nnai,soap ,43.0,36.07,1551.01,Yes,288
2024-06-17,Chen1nnai,_rice,37.0,18.12,670.44,Yes,122
17-06-24,Chen1nnai,Wheat,43.0,88.14,3790.02,Return,76
2024-06-18,Vizag,apples,8.0,15.17,121.36,ret,247
2024-06-18,Vizag,banana,23.0,66.66,1533.18,0,255
18-06-24,Vizag, BREAD,16.0,42.05,672.8,Return,67
18-06-24,Vizag,milk,18.0,10.45,188.1,0,105
2024-06-18,Vizag,EGGS,2.0,90.06,180.12,ret,276
18-06-24,Vizag,Biscuits,42.0,24.37,1023.54,1,174
06/18/2024,Vizag,Shampoo,12.0,26.58,318.96,Yes,164
18-06-24,Vizag,soap ,49.0,67.11,3288.39,Yes,-1
06/18/2024,Vizag,_rice,10.0,32.46,324.6,Yes,62
18-06-24,Vizag,Wheat,31.0,23.84,739.04,Returned,224
2024-06-18,Hyderabad,apples,43.0,65.06,2797.58,Returned,204
06/18/2024,Hyderabad,banana,39.0,23.2,904.8,0,79
06/18/2024, Hyderabad ,Bre@d,18.0,76.02,1368.36,Returned,267
18-06-24,Hyderabad,MILK,35.0,17.0,595.0,Returned,251
06/18/2024,Hyderabad,Eggs,21.0,65.72,1380.12,Yes,247
06/18/2024,Hyderabad,Biscuits,46.0,28.97,1332.62,ret,159
06/18/2024,Hyderabad,Shampoo,4.0,11.93,47.72,Returned,98
06/18/2024,Hyderabad,soap ,11.0,35.3,388.3,ret,91
18-06-24,Hyderabad,_rice,6.0,78.7,472.2,ret,129
06/18/2024,Hyderabad,Wheat,24.0,82.06,1969.44,Returned,95
06/18/2024,Chen1nnai,apples,37.0,20.25,749.25,Returned,191
18-06-24,Chen1nnai,banana,46.0,36.71,1688.66,0,93
18-06-24,Chen1nnai,Bread,21.0,85.63,1798.23,ret,175
18-06-24,Chen1nnai,milk,3.0,60.61,181.83,ret,68
2024-06-18, Chen1nnai ,Eggs,38.0,87.38,3320.44,Yes,126
18-06-24,Chen1nnai,Biscuits,39.0,88.95,3469.05,0,230
2024-06-18,Chen1nnai,Shampoo,18.0,44.19,795.42,1,194
18-06-24,Chen1nnai,soap ,16.0,56.41,902.56,1,86
18-06-24,Chen1nnai,_rice,21.0,38.43,807.03,Return,123
2024-06-18,Chen1nnai,Wheat,23.0,42.41,975.43,ret,228
19-06-24,Vizag,apples,10.0,45.43,454.3,Return,140
06/19/2024,Vizag,Banana,42.0,18.57,779.94,0,252
2024-06-19,Vizag,Bre@d,12.0,79.23,950.76,0,87
2024-06-19,Vizag,Milk,43.0,75.57,3249.51,Yes,205
2024-06-19,Vizag,Eggs.,32.0,12.64,404.48,0,186
06/19/2024,Vizag,Biscuits,49.0,34.36,1683.64,1,266
19-06-24,Vizag,Shampoo,29.0,20.63,598.27,Return,276
06/19/2024,Vizag,soap ,37.0,30.0,1110.0,0,250
2024-06-19,Vizag,_rice,35.0,82.31,2880.85,Returned,150
19-06-24,Vizag,Wheat,11.0,58.74,646.14,1,267
2024-06-19,Hyderabad,apples,29.0,17.25,500.25,1,240
2024-06-19,Hyderabad,Banana,24.0,84.02,2016.48,Return,152
2024-06-19,Hyderabad,Bre@d,7.0,17.17,120.19,1,136
2024-06-19,Hyderabad,Milk,49.0,77.53,3798.97,Yes,94
19-06-24,Hyderabad,eggs,9.0,59.68,537.12,Returned,219
2024-06-19,Hyderabad,Biscuits,23.0,46.66,1073.18,Returned,235
06/19/2024,Hyderabad,Shampoo,28.0,53.58,1500.24,Yes,140
06/19/2024, Hyderabad ,soap ,39.0,79.23,3089.97,Returned,168
06/19/2024,Hyderabad,_rice,48.0,94.62,4541.76,ret,-1
06/19/2024,Hyderabad,Wheat,23.0,99.48,2288.04,0,130
19-06-24,Chen1nnai,apples,39.0,48.59,1895.01,Yes,175
19-06-24,Chen1nnai,B@n@n@,48.0,38.44,1845.12,1,161
06/19/2024,Chen1nnai,BREAD,35.0,94.93,3322.55,0,95
06/19/2024,Chen1nnai,MILK,28.0,45.01,1260.28,0,229
19-06-24,Chen1nnai,EGGS,16.0,43.35,693.6,0,248
06/19/2024,Chen1nnai,Biscuits,19.0,41.71,792.49,Return,114
06/19/2024,Chen1nnai,Shampoo,6.0,74.25,445.5,Returned,85
19-06-24,Chen1nnai,soap ,28.0,95.47,2673.16,Yes,253
2024-06-19,Chen1nnai,_rice,22.0,84.74,1864.28,1,68
06/19/2024, Chen1nnai ,Wheat,8.0,25.55,204.4,Returned,76
20-06-24,Vizag,apples,7.0,33.96,237.72,0,53
06/20/2024,Vizag,Bananas,31.0,68.81,2133.11,Return,147
20-06-24,Vizag,Bread,19.0,86.43,1642.17,Returned,276
20-06-24,Vizag,Milkk,5.0,33.72,168.6,Yes,101
06/20/2024,Vizag,Eggs.,37.0,30.55,1130.35,Yes,164
06/20/2024,Vizag,Biscuits,34.0,40.6,1380.4,Return,175
2024-06-20,Vizag,Shampoo,12.0,83.9,1006.8,Returned,299
20-06-24,Vizag,soap ,22.0,14.81,325.82,ret,141
20-06-24,Vizag,_rice,12.0,39.38,472.56,ret,107
06/20/2024,Vizag,Wheat,2.0,96.88,193.76,Yes,160
20-06-24,Hyderabad,apples,35.0,19.06,667.1,Returned,135
2024-06-20,Hyderabad,banana,21.0,26.43,555.03,1,189
06/20/2024,Hyderabad,Bread,10.0,66.73,667.3,Yes,159
2024-06-20,Hyderabad,milk,13.0,47.89,622.57,Returned,192
20-06-24,Hyderabad,Eggs,38.0,20.57,781.66,Returned,216
20-06-24,Hyderabad,Biscuits,22.0,76.03,1672.66,Returned,0
06/20/2024,Hyderabad,Shampoo,50.0,18.45,922.5,Returned,258
20-06-24,Hyderabad,soap ,16.0,65.1,1041.6,1,103
20-06-24,Hyderabad,_rice,39.0,21.21,827.19,Returned,97
06/20/2024,Hyderabad,Wheat,30.0,71.99,2159.7,ret,300
2024-06-20,Chen1nnai,apples,11.0,39.83,438.13,Yes,240
20-06-24,Chen1nnai,banana,31.0,47.32,1466.92,1,294
2024-06-20,Chen1nnai, BREAD,16.0,33.39,534.24,Returned,75
2024-06-20,Chen1nnai,MILK,2.0,36.86,73.72,ret,145
06/20/2024, Chen1nnai ,EGGS,11.0,33.38,367.18,Return,196
20-06-24,Chen1nnai,Biscuits,22.0,85.25,1875.5,Yes,236
06/20/2024,Chen1nnai,Shampoo,26.0,94.04,2445.04,1,274
20-06-24,Chen1nnai,soap ,26.0,85.81,2231.06,ret,197
06/20/2024,Chen1nnai,_rice,41.0,79.35,3253.35,Return,97
2024-06-20,Chen1nnai,Wheat,40.0,20.88,835.2,Returned,246
06/21/2024,Vizag,apples,43.0,15.0,645.0,1,0
06/21/2024,Vizag,Bananas,26.0,81.01,2106.26,1,193
2024-06-21,Vizag,BREAD,41.0,75.35,3089.35,1,173
21-06-24,Vizag,Milk ,12.0,82.51,990.12,Yes,226
21-06-24,Vizag,eggs,46.0,97.98,4507.08,0,250
06/21/2024,Vizag,Biscuits,46.0,46.43,2135.78,Returned,224
06/21/2024,Vizag,Shampoo,4.0,36.8,147.2,Return,70
06/21/2024,Vizag,soap ,24.0,14.93,358.32,Yes,51
21-06-24,Vizag,_rice,17.0,18.6,316.2,1,253
2024-06-21,Vizag,Wheat,17.0,45.85,779.45,ret,256
21-06-24,Hyderabad,apples,25.0,46.75,1168.75,Returned,236
21-06-24,Hyderabad,banana,27.0,52.06,1405.62,Yes,276
21-06-24,Hyderabad,BREAD,24.0,88.41,2121.84,Returned,248
2024-06-21,Hyderabad,Milk,43.0,43.46,1868.78,0,125
21-06-24,Hyderabad,E G G S,38.0,19.6,744.8,Return,239
2024-06-21,Hyderabad,Biscuits,38.0,52.49,1994.62,Return,0
21-06-24,Hyderabad,Shampoo,21.0,94.19,1977.99,Returned,164
21-06-24,Hyderabad,soap ,45.0,79.06,3557.7,Return,251
06/21/2024,Hyderabad,_rice,28.0,42.46,1188.88,1,140
2024-06-21,Hyderabad,Wheat,12.0,95.79,1149.48,Yes,153
21-06-24,Chen1nnai,apples,28.0,87.42,2447.76,Return,178
2024-06-21,Chen1nnai,Banana,28.0,85.33,2389.24,Returned,256
2024-06-21,Chen1nnai,Bread,13.0,22.96,298.48,Returned,229
21-06-24,Chen1nnai,milk,2.0,20.93,41.86,Return,234
2024-06-21,Chen1nnai,eggs,42.0,58.39,2452.38,ret,284
2024-06-21, Chen1nnai ,Biscuits,5.0,16.31,81.55,ret,62
06/21/2024,Chen1nnai,Shampoo,15.0,66.01,990.15,1,199
2024-06-21,Chen1nnai,soap ,8.0,43.99,351.92,ret,83
06/21/2024,Chen1nnai,_rice,24.0,42.32,1015.68,ret,71
21-06-24,Chen1nnai,Wheat,0.0,60.76,0.0,0,93
22-06-24,Vizag,apples,9.0,20.19,181.71,ret,144
06/22/2024,Vizag,B@n@n@,9.0,26.44,237.96,Return,80
06/22/2024,Vizag, BREAD,22.0,95.52,2101.44,1,218
06/22/2024,Vizag,Milkk,33.0,62.91,2076.03,0,283
06/22/2024,Vizag,Eggs.,17.0,59.83,1017.11,0,83
22-06-24,Vizag,Biscuits,25.0,49.96,1249.0,Returned,74
22-06-24, Vizag ,Shampoo,18.0,60.02,1080.36,Yes,267
22-06-24,Vizag,soap ,11.0,59.98,659.78,Yes,186
22-06-24,Vizag,_rice,30.0,50.19,1505.7,ret,60
06/22/2024,Vizag,Wheat,28.0,70.95,1986.6,Return,135
06/22/2024,Hyderabad,apples,38.0,81.15,3083.7,Yes,218
2024-06-22,Hyderabad,BANANA,9.0,13.87,124.83,Return,213
06/22/2024,Hyderabad,Bre@d,13.0,53.41,694.33,1,82
2024-06-22,Hyderabad,MILK,12.0,23.38,280.56,1,257
2024-06-22,Hyderabad,Eggs,17.0,19.24,327.08,ret,278
22-06-24,Hyderabad,Biscuits,30.0,29.74,892.2,ret,128
22-06-24,Hyderabad,Shampoo,10.0,26.64,266.4,1,69
22-06-24,Hyderabad,soap ,31.0,65.97,2045.07,Returned,202
22-06-24,Hyderabad,_rice,12.0,72.51,870.12,Yes,57
2024-06-22,Hyderabad,Wheat,1.0,49.37,49.37,1,172
22-06-24,Chen1nnai,apples,34.0,51.05,1735.7,Return,86
06/22/2024,Chen1nnai,banana,46.0,86.41,3974.86,Returned,159
06/22/2024,Chen1nnai,bread  ,18.0,86.9,1564.2,ret,62
06/22/2024,Chen1nnai,milk,23.0,52.73,1212.79,1,63
06/22/2024,Chen1nnai,eggs,16.0,29.74,475.84,ret,273
2024-06-22,Chen1nnai,Biscuits,19.0,23.91,454.29,Yes,297
06/22/2024,Chen1nnai,Shampoo,24.0,83.58,2005.92,ret,90
2024-06-22,Chen1nnai,soap ,37.0,30.62,1132.94,0,245
22-06-24,Chen1nnai,_rice,4.0,34.49,137.96,0,203
2024-06-22,Chen1nnai,Wheat,18.0,66.14,1190.52,ret,116
2024-06-23,Vizag,apples,2.0,65.28,130.56,ret,180
06/23/2024,Vizag,banana,24.0,93.43,2242.32,Yes,297
23-06-24,Vizag,Bread,37.0,99.97,3698.89,Return,193
2024-06-23,Vizag,Milk ,48.0,22.1,1060.8,0,119
23-06-24,Vizag,Eggs.,21.0,93.4,1961.4,Returned,299
2024-06-23,Vizag,Biscuits,40.0,11.85,474.0,Return,283
2024-06-23,Vizag,Shampoo,9.0,45.67,411.03,Returned,212
23-06-24,Vizag,soap ,42.0,55.06,2312.52,Return,121
23-06-24, Vizag ,_rice,15.0,35.52,532.8,Yes,283
23-06-24,Vizag,Wheat,43.0,11.24,483.32,Return,225
2024-06-23,Hyderabad,apples,29.0,56.27,1631.83,0,52
23-06-24,Hyderabad,B@n@n@,23.0,87.33,2008.59,Yes,226
2024-06-23,Hyderabad,Bre@d,28.0,51.05,1429.4,0,251
2024-06-23,Hyderabad,Milk ,47.0,14.84,697.48,ret,242
06/23/2024,Hyderabad,Eggs,1.0,17.08,17.08,1,176
2024-06-23, Hyderabad ,Biscuits,23.0,23.81,547.63,ret,206
23-06-24,Hyderabad,Shampoo,25.0,72.5,1812.5,1,222
2024-06-23,Hyderabad,soap ,33.0,73.73,2433.09,Return,142
23-06-24,Hyderabad,_rice,45.0,67.96,3058.2,1,121
23-06-24,Hyderabad,Wheat,42.0,51.98,2183.16,1,272
2024-06-23,Chen1nnai,apples,30.0,90.08,2702.4,Returned,183
06/23/2024,Chen1nnai,Banana,15.0,63.65,954.75,ret,170
2024-06-23,Chen1nnai, BREAD,18.0,84.52,1521.36,ret,225
06/23/2024,Chen1nnai,Milk ,14.0,98.71,1381.94,Returned,50
23-06-24,Chen1nnai,EGGS,23.0,79.19,1821.37,ret,156
23-06-24,Chen1nnai,Biscuits,3.0,24.85,74.55,1,110
23-06-24,Chen1nnai,Shampoo,15.0,97.24,1458.6,Returned,250
23-06-24,Chen1nnai,soap ,3.0,76.98,230.94,Yes,198
06/23/2024,Chen1nnai,_rice,34.0,85.43,2904.62,Return,83
23-06-24,Chen1nnai,Wheat,30.0,23.08,692.4,Yes,107
06/24/2024,Vizag,apples,25.0,57.44,1436.0,Return,60
06/24/2024,Vizag,banana,31.0,10.12,313.72,Return,173
06/24/2024,Vizag,BREAD,48.0,96.21,4618.08,Yes,256
2024-06-24,Vizag,Milk ,18.0,11.02,198.36,ret,172
24-06-24,Vizag,eggs,7.0,67.73,474.11,Returned,188
24-06-24,Vizag,Biscuits,15.0,91.16,1367.4,ret,213
06/24/2024,Vizag,Shampoo,18.0,44.74,805.32,0,130
24-06-24,Vizag,soap ,1.0,21.15,21.15,Return,171
2024-06-24,Vizag,_rice,36.0,29.69,1068.84,Return,245
06/24/2024,Vizag,Wheat,12.0,14.83,177.96,Yes,203
06/24/2024,Hyderabad,apples,4.0,13.59,54.36,Yes,179
06/24/2024,Hyderabad,Bananas,7.0,10.3,72.1,Yes,282
06/24/2024,Hyderabad,Bread,29.0,10.77,312.33,Return,70
2024-06-24,Hyderabad,Milk ,41.0,58.73,2407.93,ret,159
24-06-24,Hyderabad,Eggs.,45.0,65.86,2963.7,Returned,127
24-06-24,Hyderabad,Biscuits,11.0,70.79,778.69,Returned,260
24-06-24,Hyderabad,Shampoo,2.0,58.03,116.06,Returned,93
06/24/2024,Hyderabad,soap ,45.0,42.38,1907.1,0,63
24-06-24,Hyderabad,_rice,12.0,24.91,298.92,0,69
2024-06-24,Hyderabad,Wheat,37.0,94.53,3497.61,1,149
24-06-24,Chen1nnai,apples,47.0,67.72,3182.84,1,168
06/24/2024,Chen1nnai,BANANA,14.0,78.01,1092.14,0,149
24-06-24,Chen1nnai,bread  ,29.0,67.35,1953.15,1,97
24-06-24,Chen1nnai,milk,0.0,35.2,0.0,Return,209
06/24/2024,Chen1nnai,eggs,21.0,75.53,1586.13,Yes,267
06/24/2024, Chen1nnai ,Biscuits,2.0,52.56,105.12,ret,266
24-06-24,Chen1nnai,Shampoo,1.0,22.44,22.44,Yes,106
06/24/2024,Chen1nnai,soap ,37.0,35.03,1296.11,1,128
06/24/2024,Chen1nnai,_rice,28.0,53.78,1505.84,Return,75
06/24/2024,Chen1nnai,Wheat,47.0,42.75,2009.25,1,201
2024-06-25,Vizag,apples,1.0,72.53,72.53,0,168
25-06-24,Vizag,Banana,13.0,26.96,350.48,0,189
06/25/2024,Vizag,bread  ,27.0,26.39,712.53,Return,55
06/25/2024,Vizag,milk,27.0,51.87,1400.49,Returned,-1
25-06-24,Vizag,eggs,25.0,82.85,2071.25,0,219
25-06-24,Vizag,Biscuits,29.0,67.26,1950.54,Return,146
06/25/2024,Vizag,Shampoo,5.0,54.55,272.75,Return,276
06/25/2024,Vizag,soap ,25.0,88.71,2217.75,ret,202
06/25/2024,Vizag,_rice,46.0,44.96,2068.16,Return,238
25-06-24,Vizag,Wheat,12.0,22.69,272.28,0,273
2024-06-25,Hyderabad,apples,4.0,83.64,334.56,ret,122
2024-06-25,Hyderabad,B@n@n@,31.0,42.48,1316.88,Returned,62
25-06-24,Hyderabad,Bread,36.0,40.78,1468.08,Yes,89
06/25/2024,Hyderabad,Milk,34.0,75.71,2574.14,1,236
2024-06-25,Hyderabad,EGGS,0.0,37.79,0.0,Return,84
06/25/2024,Hyderabad,Biscuits,37.0,26.66,986.42,Yes,196
25-06-24,Hyderabad,Shampoo,15.0,95.66,1434.9,1,56
06/25/2024,Hyderabad,soap ,28.0,95.25,2667.0,ret,206
2024-06-25,Hyderabad,_rice,44.0,45.89,2019.16,ret,157
2024-06-25,Hyderabad,Wheat,37.0,22.32,825.84,ret,54
06/25/2024,Chen1nnai,apples,28.0,63.04,1765.12,Returned,83
25-06-24,Chen1nnai,BANANA,17.0,56.34,957.78,0,157
2024-06-25,Chen1nnai,Bread,34.0,22.48,764.32,Return,244
2024-06-25,Chen1nnai,MILK,22.0,12.0,264.0,ret,256
06/25/2024,Chen1nnai,EGGS,14.0,96.52,1351.28,1,281
06/25/2024,Chen1nnai,Biscuits,36.0,40.99,1475.64,1,209
06/25/2024,Chen1nnai,Shampoo,4.0,96.74,386.96,0,213
25-06-24, Chen1nnai ,soap ,33.0,51.1,1686.3,0,70
25-06-24,Chen1nnai,_rice,41.0,89.69,3677.29,0,56
25-06-24,Chen1nnai,Wheat,44.0,47.25,2079.0,Return,83
06/26/2024,Vizag,apples,1.0,23.87,23.87,Return,283
26-06-24,Vizag,BANANA,25.0,71.85,1796.25,ret,84
2024-06-26,Vizag,bread  ,35.0,89.19,3121.65,Yes,53
06/26/2024,Vizag,Milk,49.0,22.94,1124.06,Returned,172
2024-06-26,Vizag,EGGS,7.0,69.72,488.04,0,179
06/26/2024,Vizag,Biscuits,29.0,66.99,1942.71,Returned,210
26-06-24,Vizag,Shampoo,41.0,98.36,4032.76,0,100
26-06-24,Vizag,soap ,28.0,84.03,2352.84,Return,84
06/26/2024, Vizag ,_rice,7.0,86.98,608.86,Returned,280
06/26/2024,Vizag,Wheat,22.0,33.67,740.74,1,57
06/26/2024,Hyderabad,apples,48.0,72.56,3482.88,Return,196
26-06-24,Hyderabad,Banana,4.0,19.24,76.96,Yes,58
06/26/2024,Hyderabad,bread  ,43.0,29.22,1256.46,Yes,251
06/26/2024,Hyderabad,Milk ,25.0,51.13,1278.25,ret,56
26-06-24,Hyderabad,EGGS,23.0,90.97,2092.31,1,176
06/26/2024,Hyderabad,Biscuits,25.0,14.29,357.25,Return,213
26-06-24,Hyderabad,Shampoo,32.0,75.24,2407.68,Yes,92
2024-06-26,Hyderabad,soap ,13.0,57.67,749.71,ret,152
26-06-24,Hyderabad,_rice,3.0,66.71,200.13,ret,249
06/26/2024,Hyderabad,Wheat,43.0,85.87,3692.41,Yes,266
06/26/2024,Chen1nnai,apples,19.0,76.21,1447.99,ret,90
06/26/2024,Chen1nnai,Banana,50.0,88.15,4407.5,0,120
06/26/2024, Chen1nnai , BREAD,23.0,17.23,396.29,Returned,166
26-06-24, Chen1nnai ,Milk ,33.0,76.42,2521.86,Returned,100
06/26/2024,Chen1nnai,EGGS,12.0,72.76,873.12,Yes,89
26-06-24,Chen1nnai,Biscuits,36.0,32.92,1185.12,ret,287
26-06-24,Chen1nnai,Shampoo,46.0,59.47,2735.62,Return,99
2024-06-26,Chen1nnai,soap ,4.0,31.96,127.84,1,263
2024-06-26,Chen1nnai,_rice,27.0,38.38,1036.26,1,210
06/26/2024,Chen1nnai,Wheat,34.0,35.47,1205.98,1,283
27-06-24,Vizag,apples,23.0,23.22,534.06,1,104
06/27/2024,Vizag,B@n@n@,20.0,31.6,632.0,ret,223
2024-06-27,Vizag,Bread,38.0,54.46,2069.48,1,145
27-06-24,Vizag,Milk,42.0,93.75,3937.5,Returned,282
27-06-24,Vizag,Eggs.,15.0,71.07,1066.05,ret,268
2024-06-27,Vizag,Biscuits,21.0,47.37,994.77,ret,-1
27-06-24,Vizag,Shampoo,15.0,81.48,1222.2,1,135
06/27/2024,Vizag,soap ,34.0,77.88,2647.92,0,159
2024-06-27,Vizag,_rice,41.0,85.4,3501.4,Yes,189
06/27/2024,Vizag,Wheat,25.0,40.7,1017.5,Return,50
06/27/2024, Hyderabad ,apples,44.0,10.61,466.84,Yes,277
06/27/2024,Hyderabad,B@n@n@,11.0,47.03,517.33,ret,97
2024-06-27,Hyderabad,BREAD,41.0,60.42,2477.22,ret,269
27-06-24,Hyderabad,Milk ,14.0,42.42,593.88,Return,207
2024-06-27,Hyderabad,Eggs.,1.0,72.84,72.84,Returned,300
2024-06-27,Hyderabad,Biscuits,8.0,79.55,636.4,0,298
27-06-24,Hyderabad,Shampoo,42.0,33.95,1425.9,1,167
27-06-24,Hyderabad,soap ,27.0,46.35,1251.45,0,86
06/27/2024,Hyderabad,_rice,16.0,86.58,1385.28,Return,279
27-06-24,Hyderabad,Wheat,30.0,71.77,2153.1,ret,282
06/27/2024,Chen1nnai,apples,22.0,46.26,1017.72,Yes,140
2024-06-27,Chen1nnai,Bananas,25.0,36.43,910.75,0,264
2024-06-27,Chen1nnai,BREAD,23.0,22.66,521.18,0,271
27-06-24,Chen1nnai,Milkk,25.0,95.21,2380.25,Return,247
2024-06-27,Chen1nnai,Eggs,26.0,86.08,2238.08,1,67
27-06-24,Chen1nnai,Biscuits,30.0,96.26,2887.8,0,229
06/27/2024,Chen1nnai,Shampoo,37.0,29.04,1074.48,Yes,186
27-06-24,Chen1nnai,soap ,11.0,12.21,134.31,Return,197
06/27/2024,Chen1nnai,_rice,48.0,73.75,3540.0,0,80
27-06-24,Chen1nnai,Wheat,10.0,72.53,725.3,1,262
2024-06-28,Vizag,apples,7.0,92.88,650.16,ret,270
28-06-24,Vizag,banana,33.0,26.53,875.49,0,153
28-06-24,Vizag,bread  ,4.0,14.78,59.12,Yes,142
2024-06-28,Vizag,Milkk,28.0,84.16,2356.48,ret,210
28-06-24,Vizag,E G G S,12.0,67.65,811.8,Returned,92
06/28/2024,Vizag,Biscuits,25.0,32.47,811.75,ret,121
28-06-24,Vizag,Shampoo,0.0,89.38,0.0,Yes,215
06/28/2024,Vizag,soap ,20.0,77.02,1540.4,1,123
2024-06-28,Vizag,_rice,28.0,60.64,1697.92,1,223
06/28/2024,Vizag,Wheat,5.0,52.51,262.55,Return,269
06/28/2024, Hyderabad ,apples,24.0,68.01,1632.24,Returned,295
06/28/2024,Hyderabad,BANANA,46.0,19.5,897.0,Returned,273
06/28/2024,Hyderabad,Bre@d,40.0,90.12,3604.8,1,104
2024-06-28,Hyderabad,MILK,29.0,28.3,820.7,Return,0
28-06-24,Hyderabad,Eggs.,4.0,50.7,202.8,Yes,259
2024-06-28,Hyderabad,Biscuits,48.0,18.55,890.4,Yes,194
2024-06-28,Hyderabad,Shampoo,19.0,69.01,1311.19,Yes,148
2024-06-28,Hyderabad,soap ,38.0,16.73,635.74,1,132
2024-06-28,Hyderabad,_rice,43.0,91.7,3943.1,0,186
06/28/2024,Hyderabad,Wheat,15.0,28.81,432.15,Yes,160
06/28/2024,Chen1nnai,apples,2.0,14.4,28.8,Yes,116
06/28/2024,Chen1nnai,Banana,40.0,15.75,630.0,1,201
06/28/2024,Chen1nnai,bread  ,41.0,18.94,776.54,Returned,140
28-06-24,Chen1nnai,Milk ,45.0,24.14,1086.3,Yes,151
28-06-24,Chen1nnai,eggs,9.0,23.52,211.68,Yes,184
06/28/2024,Chen1nnai,Biscuits,34.0,49.67,1688.78,Return,-1
2024-06-28,Chen1nnai,Shampoo,39.0,50.87,1983.93,Return,66
06/28/2024,Chen1nnai,soap ,6.0,61.12,366.72,1,67
06/28/2024,Chen1nnai,_rice,0.0,77.02,0.0,0,221
2024-06-28,Chen1nnai,Wheat,2.0,76.01,152.02,ret,241
29-06-24,Vizag,apples,12.0,57.01,684.12,ret,180
29-06-24,Vizag,Bananas,50.0,71.3,3565.0,Yes,279
06/29/2024,Vizag,bread  ,12.0,20.85,250.2,Returned,110
2024-06-29,Vizag,Milkk,40.0,21.83,873.2,Yes,108
29-06-24,Vizag,eggs,6.0,93.71,562.26,ret,237
06/29/2024,Vizag,Biscuits,50.0,13.8,690.0,Yes,260
06/29/2024,Vizag,Shampoo,19.0,35.91,682.29,1,298
29-06-24,Vizag,soap ,15.0,12.62,189.3,0,178
29-06-24,Vizag,_rice,30.0,22.95,688.5,Return,131
29-06-24,Vizag,Wheat,39.0,38.33,1494.87,Returned,274
2024-06-29,Hyderabad,apples,44.0,55.18,2427.92,Returned,228
06/29/2024,Hyderabad,BANANA,17.0,30.1,511.7,ret,95
29-06-24,Hyderabad,bread  ,36.0,98.39,3542.04,1,86
06/29/2024,Hyderabad,Milk ,28.0,83.14,2327.92,Yes,52
06/29/2024, Hyderabad ,E G G S,19.0,27.51,522.69,0,140
29-06-24,Hyderabad,Biscuits,32.0,35.43,1133.76,Returned,160
29-06-24,Hyderabad,Shampoo,30.0,46.67,1400.1,Return,125
2024-06-29,Hyderabad,soap ,6.0,23.2,139.2,Return,164
29-06-24,Hyderabad,_rice,1.0,38.51,38.51,1,144
29-06-24,Hyderabad,Wheat,35.0,63.47,2221.45,ret,231
2024-06-29,Chen1nnai,apples,36.0,35.93,1293.48,ret,176
29-06-24,Chen1nnai,Bananas,43.0,17.11,735.73,0,151
06/29/2024,Chen1nnai, BREAD,11.0,13.67,150.37,0,132
29-06-24,Chen1nnai,milk,5.0,89.91,449.55,0,68
06/29/2024,Chen1nnai,Eggs,42.0,19.86,834.12,0,83
29-06-24,Chen1nnai,Biscuits,46.0,42.83,1970.18,Yes,65
29-06-24,Chen1nnai,Shampoo,40.0,25.07,1002.8,ret,198
29-06-24,Chen1nnai,soap ,16.0,66.33,1061.28,ret,220
29-06-24,,,,30.45,913.5,Yes,162
2024-06-29,Chen1nnai,Wheat,20.0,20.97,419.4,Return,0
06/30/2024,Vizag,apples,32.0,60.61,1939.52,1,178
2024-06-30,Vizag,Bananas,50.0,72.48,3624.0,Returned,202
2024-06-30,Vizag, BREAD,46.0,45.24,2081.04,Returned,237
06/30/2024,Vizag,Milkk,30.0,36.3,1089.0,0,73
30-06-24,Vizag,Eggs,46.0,94.96,4368.16,Returned,207
30-06-24,Vizag,Biscuits,5.0,19.68,98.4,ret,195
2024-06-30, Vizag ,Shampoo,23.0,55.52,1276.96,Yes,198
06/30/2024,Vizag,soap ,34.0,88.91,3022.94,1,92
30-06-24,Vizag,_rice,14.0,90.47,1266.58,Returned,294
2024-06-30,Vizag,Wheat,11.0,62.44,686.84,Returned,90
2024-06-30,Hyderabad,apples,24.0,26.78,642.72,Return,175
06/30/2024,Hyderabad,B@n@n@,1.0,49.09,49.09,0,242
30-06-24,Hyderabad,Bread,49.0,92.0,4508.0,1,214
2024-06-30,Hyderabad,Milk,32.0,52.6,1683.2,0,149
06/30/2024,Hyderabad,eggs,46.0,27.44,1262.24,0,63
30-06-24,Hyderabad,Biscuits,2.0,75.2,150.4,1,125
30-06-24,Hyderabad,Shampoo,20.0,27.32,546.4,ret,130
06/30/2024,Hyderabad,soap ,12.0,57.63,691.56,1,56
30-06-24,Hyderabad,_rice,14.0,57.92,810.88,Returned,135
06/30/2024,Hyderabad,Wheat,34.0,28.14,956.76,0,116
30-06-24,Chen1nnai,apples,9.0,28.89,260.01,Returned,260
2024-06-30,Chen1nnai,BANANA,32.0,89.38,2860.16,1,0
2024-06-30,Chen1nnai,BREAD,31.0,49.05,1520.55,Return,130
06/30/2024,Chen1nnai,Milkk,0.0,91.01,0.0,Yes,276
06/30/2024,Chen1nnai,EGGS,24.0,84.63,2031.12,ret,99
06/30/2024,Chen1nnai,Biscuits,4.0,46.95,187.8,Yes,190
2024-06-30,Chen1nnai,Shampoo,32.0,60.51,1936.32,ret,110
30-06-24,Chen1nnai,soap ,48.0,91.54,4393.92,Return,64
2024-06-30,Chen1nnai,_rice,23.0,71.35,1641.05,1,246
06/30/2024,Chen1nnai,Wheat,7.0,95.19,666.33,1,253
06/03/2024,Hyderabad,apples,18.0,89.84,1617.12,Return,286
2024-06-28,Hyderabad,soap ,38.0,16.73,635.74,0,132
08-06-24,Chen1nnai,Banana,19.0,27.37,520.03,0,81
20-06-24,Hyderabad,_rice,39.0,21.21,827.19,Yes,97
2024-06-02,Vizag,Wheat,5.0,66.88,334.4,Returned,183
